player_slug,name,height,weight,active,years_of_experience
nba-quincy-acy,Quincy Acy,79,240,True,3
nba-jordan-adams,Jordan Adams,77,209,True,1
nba-steven-adams,Steven Adams,84,255,True,2
nba-jeff-adrien,Jeff Adrien,79,245,False,3
nba-arron-afflalo,Arron Afflalo,77,210,True,8
nba-alexis-ajinca,Alexis Ajinca,86,248,True,5
nba-josh-akognon,Josh Akognon,71,185,True,0
nba-furkan-aldemir,Furkan Aldemir,81,230,False,0
nba-cole-aldrich,Cole Aldrich,83,250,True,5
nba-lamarcus-aldridge,LaMarcus Aldridge,83,240,True,9
nba-cliff-alexander,Cliff Alexander,80,240,True,0
nba-lavoy-allen,Lavoy Allen,81,255,True,4
nba-ray-allen,Ray Allen,77,205,True,17
nba-tony-allen,Tony Allen,76,213,True,11
nba-al-farouq-aminu,Al-Farouq Aminu,81,215,True,5
nba-lou-amundson,Lou Amundson,81,220,True,9
nba-chris-andersen,Chris Andersen,82,245,False,13
nba-alan-anderson,Alan Anderson,78,220,True,6
nba-james-anderson,James Anderson,78,213,True,4
nba-justin-anderson,Justin Anderson,78,228,True,0
nba-kyle-anderson,Kyle Anderson,81,230,True,1
nba-ryan-anderson,Ryan Anderson,82,240,True,7
nba-giannis-antetokounmpo,Giannis Antetokounmpo,83,222,True,2
nba-thanasis-antetokounmpo,Thanasis Antetokounmpo,78,205,True,0
nba-carmelo-anthony,Carmelo Anthony,80,240,True,12
nba-joel-anthony,Joel Anthony,81,245,True,8
nba-pero-antic,Pero Antic,83,260,True,1
nba-keith-appling,Keith Appling,73,185,False,0
nba-trevor-ariza,Trevor Ariza,80,215,True,11
nba-hilton-armstrong,Hilton Armstrong,83,235,True,5
nba-darrell-arthur,Darrell Arthur,81,235,True,6
nba-omer-asik,Omer Asik,84,255,True,5
nba-d-j-augustin,D.J. Augustin,72,183,False,7
nba-gustavo-ayon,Gustavo Ayon,82,250,True,2
nba-jeff-ayres,Jeff Ayres,81,250,True,4
nba-chris-babb,Chris Babb,77,225,False,1
nba-luke-babbitt,Luke Babbitt,81,225,True,5
nba-cameron-bairstow,Cameron Bairstow,81,250,True,1
nba-leandro-barbosa,Leandro Barbosa,75,194,True,12
nba-jose-juan-barea,Jose Juan Barea,72,185,True,9
nba-andrea-bargnani,Andrea Bargnani,84,245,False,9
nba-harrison-barnes,Harrison Barnes,80,225,True,3
nba-matt-barnes,Matt Barnes,79,226,True,12
nba-earl-barron,Earl Barron,84,250,False,7
nba-will-barton,Will Barton,78,175,True,3
nba-brandon-bass,Brandon Bass,80,250,True,10
nba-shane-battier,Shane Battier,80,225,True,12
nba-nicolas-batum,Nicolas Batum,80,200,True,7
nba-jerryd-bayless,Jerryd Bayless,75,200,True,7
nba-aron-baynes,Aron Baynes,82,260,True,3
nba-kent-bazemore,Kent Bazemore,77,201,True,3
nba-bradley-beal,Bradley Beal,77,207,True,3
nba-michael-beasley,Michael Beasley,82,235,True,5
nba-rodrigue-beaubois,Rodrigue Beaubois,74,185,True,3
nba-marco-belinelli,Marco Belinelli,77,210,True,8
nba-jerrelle-benimon,Jerrelle Benimon,80,245,False,0
nba-anthony-bennett,Anthony Bennett,80,245,False,2
nba-patrick-beverley,Patrick Beverley,73,185,True,3
nba-andris-biedrins,Andris Biedrins,84,242,False,9
nba-chauncey-billups,Chauncey Billups,75,210,True,16
nba-bismack-biyombo,Bismack Biyombo,81,245,True,4
nba-nemanja-bjelica,Nemanja Bjelica,82,240,True,0
nba-tarik-black,Tarik Black,81,250,True,1
nba-dejuan-blair,DeJuan Blair,79,270,False,6
nba-steve-blake,Steve Blake,75,172,True,12
nba-andray-blatche,Andray Blatche,83,260,True,8
nba-eric-bledsoe,Eric Bledsoe,73,190,True,5
nba-vander-blue,Vander Blue,76,200,True,0
nba-keith-bogans,Keith Bogans,77,215,True,10
nba-bojan-bogdanovic,Bojan Bogdanovic,80,216,True,1
nba-andrew-bogut,Andrew Bogut,84,260,True,10
nba-matt-bonner,Matt Bonner,82,235,True,11
nba-devin-booker,Devin Booker,78,206,True,0
nba-trevor-booker,Trevor Booker,80,228,True,5
nba-carlos-boozer,Carlos Boozer,81,258,True,12
nba-chris-bosh,Chris Bosh,83,235,True,12
nba-avery-bradley,Avery Bradley,74,180,True,5
nba-elton-brand,Elton Brand,81,254,True,16
nba-corey-brewer,Corey Brewer,81,186,True,8
nba-ronnie-brewer,Ronnie Brewer,79,227,False,7
nba-aaron-brooks,Aaron Brooks,72,161,True,7
nba-marshon-brooks,MarShon Brooks,77,200,False,2
nba-anthony-brown,Anthony Brown,79,210,True,0
nba-jabari-brown,Jabari Brown,77,214,False,0
nba-kwame-brown,Kwame Brown,83,290,False,12
nba-lorenzo-brown,Lorenzo Brown,77,189,False,2
nba-markel-brown,Markel Brown,75,190,True,1
nba-shannon-brown,Shannon Brown,76,210,False,7
nba-kobe-bryant,Kobe Bryant,78,212,True,19
nba-chase-budinger,Chase Budinger,79,209,True,6
nba-reggie-bullock,Reggie Bullock,79,205,True,2
nba-trey-burke,Trey Burke,73,191,True,2
nba-alec-burks,Alec Burks,78,214,True,4
nba-caron-butler,Caron Butler,79,228,True,13
nba-jimmy-butler,Jimmy Butler,79,220,True,4
nba-rasual-butler,Rasual Butler,79,215,False,12
nba-dwight-buycks,Dwight Buycks,75,190,False,0
nba-andrew-bynum,Andrew Bynum,84,285,True,7
nba-will-bynum,Will Bynum,72,185,True,6
nba-bruno-caboclo,Bruno Caboclo,81,205,True,1
nba-nick-calathes,Nick Calathes,78,213,True,1
nba-jose-calderon,Jose Calderon,75,200,True,10
nba-kentavious-caldwell-pope,Kentavious Caldwell-Pope,77,205,True,2
nba-marcus-camby,Marcus Camby,83,240,False,17
nba-isaiah-canaan,Isaiah Canaan,72,201,True,2
nba-clint-capela,Clint Capela,82,240,True,1
nba-demarre-carroll,DeMarre Carroll,80,212,True,6
nba-matt-carroll,Matt Carroll,78,212,False,9
nba-vince-carter,Vince Carter,78,220,True,17
nba-michael-carter-williams,Michael Carter-Williams,78,190,True,2
nba-omri-casspi,Omri Casspi,81,225,True,6
nba-willie-cauley-stein,Willie Cauley-Stein,84,240,True,0
nba-mario-chalmers,Mario Chalmers,74,190,False,7
nba-tyson-chandler,Tyson Chandler,85,240,True,14
nba-wilson-chandler,Wilson Chandler,80,225,True,8
nba-will-cherry,Will Cherry,73,177,False,0
nba-josh-childress,Josh Childress,80,210,False,7
nba-dionte-christmas,Dionte Christmas,77,205,False,0
nba-rakeem-christmas,Rakeem Christmas,81,250,True,0
nba-patrick-christopher,Patrick Christopher,77,220,False,0
nba-earl-clark,Earl Clark,82,225,False,4
nba-ian-clark,Ian Clark,75,175,True,2
nba-coty-clarke,Coty Clarke,79,232,False,0
nba-jordan-clarkson,Jordan Clarkson,77,194,True,1
nba-victor-claver,Victor Claver,81,224,False,2
nba-norris-cole,Norris Cole,74,175,True,4
nba-jason-collins,Jason Collins,84,255,True,11
nba-darren-collison,Darren Collison,72,175,True,6
nba-nick-collison,Nick Collison,82,255,True,11
nba-mike-conley,Mike Conley,73,175,True,8
nba-pat-connaughton,Pat Connaughton,77,206,True,0
nba-will-conroy,Will Conroy,74,195,False,2
nba-daequan-cook,Daequan Cook,77,210,False,5
nba-jack-cooley,Jack Cooley,81,246,False,0
nba-chris-copeland,Chris Copeland,81,239,False,3
nba-bryce-cotton,Bryce Cotton,73,165,False,0
nba-demarcus-cousins,DeMarcus Cousins,83,270,True,5
nba-robert-covington,Robert Covington,81,215,True,2
nba-allen-crabbe,Allen Crabbe,78,210,True,2
nba-jamal-crawford,Jamal Crawford,77,195,True,15
nba-jordan-crawford,Jordan Crawford,76,195,False,3
nba-jae-crowder,Jae Crowder,78,235,True,3
nba-dante-cunningham,Dante Cunningham,80,230,True,6
nba-jared-cunningham,Jared Cunningham,76,195,False,3
nba-eddy-curry,Eddy Curry,84,295,False,10
nba-seth-curry,Seth Curry,74,185,True,2
nba-stephen-curry,Stephen Curry,75,190,True,6
nba-samuel-dalembert,Samuel Dalembert,83,255,False,12
nba-marquis-daniels,Marquis Daniels,78,200,True,9
nba-troy-daniels,Troy Daniels,76,205,True,2
nba-brandon-davies,Brandon Davies,81,235,True,0
nba-anthony-davis,Anthony Davis,82,253,True,3
nba-ed-davis,Ed Davis,82,240,True,5
nba-glen-davis,Glen Davis,81,289,True,7
nba-andre-dawkins,Andre Dawkins,77,219,False,0
nba-branden-dawson,Branden Dawson,78,225,True,0
nba-austin-daye,Austin Daye,83,220,False,5
nba-dewayne-dedmon,Dewayne Dedmon,84,245,True,2
nba-bryce-dejean-jones,Bryce Dejean-Jones,77,203,True,0
nba-sam-dekker,Sam Dekker,81,230,True,0
nba-carlos-delfino,Carlos Delfino,78,230,True,8
nba-matthew-dellavedova,Matthew Dellavedova,76,198,True,2
nba-luol-deng,Luol Deng,81,220,True,11
nba-justin-dentmon,Justin Dentmon,71,185,True,3
nba-demar-derozan,DeMar DeRozan,79,220,True,6
nba-boris-diaw,Boris Diaw,80,250,True,12
nba-gorgui-dieng,Gorgui Dieng,83,241,True,2
nba-spencer-dinwiddie,Spencer Dinwiddie,78,200,True,1
nba-desagana-diop,DeSagana Diop,84,280,True,11
nba-keyon-dooling,Keyon Dooling,75,195,True,12
nba-toney-douglas,Toney Douglas,74,195,True,6
nba-chris-douglas-roberts,Chris Douglas-Roberts,79,210,False,5
nba-goran-dragic,Goran Dragic,75,190,True,7
nba-zoran-dragic,Zoran Dragic,77,200,True,0
nba-andre-drummond,Andre Drummond,83,279,True,3
nba-jared-dudley,Jared Dudley,79,225,True,8
nba-chris-duhon,Chris Duhon,73,190,True,8
nba-duje-dukan,Duje Dukan,81,220,True,0
nba-tim-duncan,Tim Duncan,83,250,True,18
nba-mike-dunleavy,Mike Dunleavy,81,230,True,13
nba-kevin-durant,Kevin Durant,81,240,True,8
nba-cleanthony-early,Cleanthony Early,80,210,True,1
nba-devin-ebanks,Devin Ebanks,81,215,True,2
nba-jarell-eddie,Jarell Eddie,79,218,True,0
nba-wayne-ellington,Wayne Ellington,76,200,True,6
nba-monta-ellis,Monta Ellis,75,185,True,10
nba-melvin-ely,Melvin Ely,82,261,True,8
nba-joel-embiid,Joel Embiid,84,250,True,0
nba-kim-english,Kim English,78,200,False,0
nba-james-ennis,James Ennis,79,210,False,1
nba-tyler-ennis,Tyler Ennis,75,194,True,1
nba-jeremy-evans,Jeremy Evans,81,200,True,5
nba-reggie-evans,Reggie Evans,80,245,True,11
nba-tyreke-evans,Tyreke Evans,78,220,True,6
nba-dante-exum,Dante Exum,78,190,True,1
nba-festus-ezeli,Festus Ezeli,83,265,True,2
nba-kenneth-faried,Kenneth Faried,80,228,True,4
nba-jordan-farmar,Jordan Farmar,74,180,True,7
nba-vitor-faverani,Vitor Faverani,83,260,True,0
nba-derrick-favors,Derrick Favors,82,265,True,5
nba-chistiano-felicio,Cristiano Felicio,82,275,True,0
nba-carrick-felix,Carrick Felix,78,210,False,0
nba-raymond-felton,Raymond Felton,73,205,True,10
nba-landry-fields,Landry Fields,79,215,True,4
nba-derek-fisher,Derek Fisher,73,210,True,17
nba-evan-fournier,Evan Fournier,79,205,True,3
nba-randy-foye,Randy Foye,76,213,True,9
nba-jamaal-franklin,Jamaal Franklin,77,191,True,0
nba-tim-frazier,Tim Frazier,73,170,True,1
nba-jimmer-fredette,Jimmer Fredette,74,195,False,3
nba-joel-freeland,Joel Freeland,82,225,True,1
nba-channing-frye,Channing Frye,83,255,True,9
nba-danilo-gallinari,Danilo Gallinari,82,225,True,6
nba-langston-galloway,Langston Galloway,74,200,True,1
nba-francisco-garcia,Francisco Garcia,79,195,True,7
nba-kevin-garnett,Kevin Garnett,83,240,True,20
nba-diante-garrett,Diante Garrett,76,190,False,1
nba-marc-gasol,Marc Gasol,85,255,True,7
nba-pau-gasol,Pau Gasol,84,250,True,14
nba-rudy-gay,Rudy Gay,80,230,True,9
nba-alonzo-gee,Alonzo Gee,78,225,True,6
nba-mickael-gelabale,Mickael Gelabale,79,215,False,3
nba-paul-george,Paul George,81,220,True,5
nba-daniel-gibson,Daniel Gibson,74,200,True,6
nba-taj-gibson,Taj Gibson,81,225,True,6
nba-manu-ginobili,Manu Ginobili,78,205,True,13
nba-rudy-gobert,Rudy Gobert,85,245,True,2
nba-ryan-gomes,Ryan Gomes,79,245,False,7
nba-drew-gooden,Drew Gooden,82,250,True,13
nba-archie-goodwin,Archie Goodwin,77,200,True,2
nba-aaron-gordon,Aaron Gordon,81,220,True,1
nba-ben-gordon,Ben Gordon,75,200,False,10
nba-eric-gordon,Eric Gordon,76,215,True,7
nba-marcin-gortat,Marcin Gortat,83,240,True,7
nba-andrew-goudelock,Andrew Goudelock,75,200,True,1
nba-danny-granger,Danny Granger,81,222,False,10
nba-jerami-grant,Jerami Grant,80,210,True,1
nba-jerian-grant,Jerian Grant,76,195,True,0
nba-aaron-gray,Aaron Gray,84,270,True,6
nba-danny-green,Danny Green,78,215,True,6
nba-draymond-green,Draymond Green,79,230,True,3
nba-erick-green,Erick Green,76,185,False,0
nba-gerald-green,Gerald Green,79,205,True,8
nba-jamychal-green,JaMychal Green,81,227,True,1
nba-jeff-green,Jeff Green,81,235,True,7
nba-willie-green,Willie Green,75,201,True,9
nba-donte-greene,Donte Greene,83,226,True,4
nba-blake-griffin,Blake Griffin,82,251,True,5
nba-jorge-gutierrez,Jorge Gutierrez,75,195,False,1
nba-hamed-haddadi,Hamed Haddadi,86,265,False,4
nba-jordan-hamilton,Jordan Hamilton,79,220,True,3
nba-justin-hamilton,Justin Hamilton,84,255,True,1
nba-richard-hamilton,Richard Hamilton,79,193,True,13
nba-ben-hansbrough,Ben Hansbrough,75,203,False,0
nba-tyler-hansbrough,Tyler Hansbrough,81,250,True,6
nba-tim-hardaway-jr,Tim Hardaway Jr.,78,205,True,2
nba-james-harden,James Harden,77,220,True,6
nba-maurice-harkless,Maurice Harkless,81,215,True,3
nba-justin-harper,Justin Harper,81,225,False,1
nba-montrezl-harrell,Montrezl Harrell,80,240,True,0
nba-josh-harrellson,Josh Harrellson,82,275,False,2
nba-al-harrington,Al Harrington,81,245,True,15
nba-devin-harris,Devin Harris,75,185,True,11
nba-gary-harris,Gary Harris,76,210,True,1
nba-joe-harris,Joe Harris,78,225,False,0
nba-manny-harris,Manny Harris,77,185,False,2
nba-terrel-harris,Terrel Harris,76,190,False,1
nba-tobias-harris,Tobias Harris,81,235,False,4
nba-aaron-harrison,Aaron Harrison,78,210,True,0
nba-udonis-haslem,Udonis Haslem,80,235,True,12
nba-spencer-hawes,Spencer Hawes,85,245,True,8
nba-gordon-hayward,Gordon Hayward,80,226,True,5
nba-lazar-hayward,Lazar Hayward,78,225,False,2
nba-brendan-haywood,Brendan Haywood,84,263,True,12
nba-gerald-henderson,Gerald Henderson,77,215,True,6
nba-xavier-henry,Xavier Henry,78,220,False,4
nba-john-henson,John Henson,83,229,True,3
nba-mario-hezonja,Mario Hezonja,80,218,True,0
nba-roy-hibbert,Roy Hibbert,86,270,True,7
nba-cory-higgins,Cory Higgins,77,180,False,1
nba-george-hill,George Hill,75,188,True,7
nba-grant-hill,Grant Hill,80,225,True,17
nba-jordan-hill,Jordan Hill,82,235,True,6
nba-solomon-hill,Solomon Hill,79,225,True,2
nba-darrun-hilliard,Darrun Hilliard,78,205,True,0
nba-kirk-hinrich,Kirk Hinrich,76,190,True,12
nba-jrue-holiday,Jrue Holiday,76,205,True,6
nba-justin-holiday,Justin Holiday,78,185,False,2
nba-john-holland,John Holland,77,205,True,0
nba-ryan-hollins,Ryan Hollins,84,240,False,9
nba-rondae-hollis-jefferson,Rondae Hollis-Jefferson,79,220,True,0
nba-richaun-holmes,Richaun Holmes,82,245,True,0
nba-tyler-honeycutt,Tyler Honeycutt,80,188,False,1
nba-rodney-hood,Rodney Hood,80,206,True,1
nba-al-horford,Al Horford,82,245,True,8
nba-dwight-howard,Dwight Howard,83,265,True,11
nba-josh-howard,Josh Howard,79,210,False,0
nba-juwan-howard,Juwan Howard,81,250,True,18
nba-lester-hudson,Lester Hudson,75,190,True,3
nba-marcelo-huertas,Marcelo Huertas,75,200,True,0
nba-josh-huestis,Josh Huestis,79,230,True,0
nba-robbie-hummel,Robbie Hummel,81,219,True,1
nba-kris-humphries,Kris Humphries,81,235,False,11
nba-serge-ibaka,Serge Ibaka,82,245,True,6
nba-andre-iguodala,Andre Iguodala,78,215,True,11
nba-ersan-ilyasova,Ersan Ilyasova,82,235,True,7
nba-joe-ingles,Joe Ingles,80,226,True,1
nba-damien-inglis,Damien Inglis,80,246,True,0
nba-kyrie-irving,Kyrie Irving,75,193,True,4
nba-royal-ivey,Royal Ivey,76,215,False,9
nba-jarrett-jack,Jarrett Jack,75,200,True,10
nba-reggie-jackson,Reggie Jackson,75,208,True,4
nba-stephen-jackson,Stephen Jackson,80,220,False,12
nba-bernard-james,Bernard James,82,240,True,1
nba-damion-james,Damion James,79,225,True,3
nba-lebron-james,LeBron James,80,250,True,12
nba-mike-james,Mike James,74,188,True,10
nba-antawn-jamison,Antawn Jamison,81,235,False,14
nba-othyus-jeffers,Othyus Jeffers,77,210,False,2
nba-al-jefferson,Al Jefferson,82,289,True,11
nba-cory-jefferson,Cory Jefferson,81,218,False,1
nba-richard-jefferson,Richard Jefferson,79,233,True,14
nba-jared-jeffries,Jared Jeffries,83,240,True,10
nba-charles-jenkins,Charles Jenkins,75,215,True,1
nba-john-jenkins,John Jenkins,76,215,True,3
nba-brandon-jennings,Brandon Jennings,73,169,True,6
nba-jonas-jerebko,Jonas Jerebko,82,231,True,5
nba-grant-jerrett,Grant Jerrett,82,232,False,0
nba-amir-johnson,Amir Johnson,81,240,True,10
nba-chris-johnson,Chris Johnson,78,206,True,3
chris-johnson,Chris Johnson,84,210,False,3
nba-ivan-johnson,Ivan Johnson,80,255,False,2
nba-james-johnson,James Johnson,81,250,True,6
nba-joe-johnson,Joe Johnson,79,240,True,14
nba-nick-johnson,Nick Johnson,75,200,False,0
nba-orlando-johnson,Orlando Johnson,77,220,False,1
nba-stanley-johnson,Stanley Johnson,79,245,True,0
nba-tyler-johnson,Tyler Johnson,76,186,True,1
nba-wesley-johnson,Wesley Johnson,79,215,True,5
nba-darius-johnson-odom,Darius Johnson-Odom,74,215,False,0
nba-nikola-jokic,Nikola Jokic,82,250,True,0
nba-dahntay-jones,Dahntay Jones,78,225,True,10
nba-dequan-jones,DeQuan Jones,80,221,False,0
nba-dominique-jones,Dominique Jones,77,215,False,2
nba-dwayne-jones,Dwayne Jones,82,251,False,5
nba-james-jones,James Jones,80,218,True,12
nba-kevin-jones,Kevin Jones,80,260,True,0
nba-perry-jones,Perry Jones,83,235,False,2
nba-solomon-jones,Solomon Jones,82,235,False,7
nba-terrence-jones,Terrence Jones,81,252,True,3
nba-tyus-jones,Tyus Jones,74,195,True,0
nba-deandre-jordan,DeAndre Jordan,83,265,True,7
nba-jerome-jordan,Jerome Jordan,84,253,False,1
nba-cory-joseph,Cory Joseph,75,190,True,4
nba-kris-joseph,Kris Joseph,79,210,False,1
nba-chris-kaman,Chris Kaman,84,265,True,12
nba-frank-kaminsky,Frank Kaminsky,84,240,True,0
nba-enes-kanter,Enes Kanter,83,245,True,4
nba-sergey-karasev,Sergey Karasev,79,208,True,2
nba-sasha-kaun,Sasha Kaun,83,260,True,0
nba-ryan-kelly,Ryan Kelly,83,230,True,2
nba-jason-kidd,Jason Kidd,76,210,True,18
nba-michael-kidd-gilchrist,Michael Kidd-Gilchrist,79,232,True,3
nba-sean-kilpatrick,Sean Kilpatrick,76,210,False,1
nba-andrei-kirilenko,Andrei Kirilenko,81,235,True,11
nba-linas-kleiza,Linas Kleiza,80,234,True,6
nba-brandon-knight,Brandon Knight,75,189,True,4
nba-kyle-korver,Kyle Korver,79,212,True,12
nba-kosta-koufos,Kosta Koufos,84,265,True,7
nba-ognjen-kuzmic,Ognjen Kuzmic,84,260,True,2
nba-doron-lamb,Doron Lamb,76,210,False,1
nba-jeremy-lamb,Jeremy Lamb,77,185,True,3
nba-carl-landry,Carl Landry,81,248,True,8
nba-shane-larkin,Shane Larkin,71,175,True,2
nba-joffrey-lauvergne,Joffrey Lauvergne,83,220,True,1
nba-zach-lavine,Zach LaVine,77,189,True,1
nba-ty-lawson,Ty Lawson,71,195,True,6
nba-ricky-ledo,Ricky Ledo,79,195,False,1
nba-courtney-lee,Courtney Lee,77,200,False,7
nba-david-lee,David Lee,81,245,True,10
nba-malcolm-lee,Malcolm Lee,77,200,False,2
nba-alex-len,Alex Len,85,260,True,2
nba-kawhi-leonard,Kawhi Leonard,79,230,True,4
nba-meyers-leonard,Meyers Leonard,85,245,False,3
nba-jon-leuer,Jon Leuer,82,228,True,4
nba-rashard-lewis,Rashard Lewis,82,230,True,15
nba-deandre-liggins,DeAndre Liggins,78,209,False,2
nba-damian-lillard,Damian Lillard,75,195,True,3
nba-jeremy-lin,Jeremy Lin,75,200,True,5
nba-shaun-livingston,Shaun Livingston,79,192,True,10
nba-kevon-looney,Kevon Looney,81,220,False,0
nba-brook-lopez,Brook Lopez,84,275,True,7
nba-robin-lopez,Robin Lopez,84,255,True,7
nba-kevin-love,Kevin Love,82,251,True,7
nba-kyle-lowry,Kyle Lowry,72,205,True,9
nba-kalin-lucas,Kalin Lucas,73,195,False,0
nba-john-lucas-iii,John Lucas III,71,165,False,5
nba-trey-lyles,Trey Lyles,82,234,True,0
nba-scott-machado,Scott Machado,73,205,False,1
nba-shelvin-mack,Shelvin Mack,75,203,True,4
nba-corey-maggette,Corey Maggette,78,225,False,13
nba-ian-mahinmi,Ian Mahinmi,83,250,True,7
nba-devyn-marble,Devyn Marble,78,200,True,1
nba-shawn-marion,Shawn Marion,79,228,True,13
nba-boban-marjanovic,Boban Marjanovic,87,290,True,0
nba-kendall-marshall,Kendall Marshall,76,200,True,3
nba-cartier-martin,Cartier Martin,79,220,False,7
nba-jarell-martin,Jarell Martin,82,239,True,0
nba-kenyon-martin,Kenyon Martin,81,225,False,13
nba-kevin-martin,Kevin Martin,79,199,True,11
nba-roger-mason-jr,Roger Mason Jr.,77,205,False,9
nba-wesley-matthews,Wesley Matthews,77,220,True,6
nba-jason-maxiell,Jason Maxiell,79,260,True,8
nba-eric-maynor,Eric Maynor,75,175,False,4
nba-o-j-mayo,O.J. Mayo,77,210,True,7
nba-luc-mbah-a-moute,Luc Mbah a Moute,80,230,True,7
nba-james-michael-mcadoo,James Michael McAdoo,81,240,True,1
nba-ray-mccallum,Ray McCallum,75,190,False,2
nba-chris-mccullough,Chris McCullough,83,200,True,0
nba-doug-mcdermott,Doug McDermott,80,225,True,1
nba-mitch-mcgary,Mitch McGary,82,255,True,1
nba-javale-mcgee,JaVale McGee,84,270,True,7
nba-tracy-mcgrady,Tracy McGrady,80,225,True,15
nba-dominic-mcguire,Dominic McGuire,81,235,False,6
nba-ben-mclemore,Ben McLemore,77,195,True,2
nba-jerel-mcneal,Jerel McNeal,75,200,False,0
nba-jordan-mcrae,Jordan McRae,77,179,True,0
nba-josh-mcroberts,Josh McRoberts,82,240,True,8
nba-jodie-meeks,Jodie Meeks,76,210,True,6
nba-salah-mejri,Salah Mejri,86,245,True,0
nba-gal-mekel,Gal Mekel,75,191,False,1
nba-fab-melo,Fab Melo,84,255,True,0
nba-jordan-mickey,Jordan Mickey,80,235,True,0
nba-khris-middleton,Khris Middleton,80,234,True,3
nba-darko-milicic,Darko Milicic,84,275,False,9
nba-andre-miller,Andre Miller,75,200,True,16
nba-darius-miller,Darius Miller,80,235,True,1
nba-mike-miller,Mike Miller,80,218,True,15
nba-quincy-miller,Quincy Miller,81,210,False,1
nba-patrick-mills,Patty Mills,72,185,True,6
nba-elijah-millsap,Elijah Millsap,78,215,False,0
nba-paul-millsap,Paul Millsap,80,246,True,9
nba-nikola-mirotic,Nikola Mirotic,82,220,True,1
nba-tony-mitchell,Tony Mitchell,81,235,False,1
tony-mitchell,Tony Mitchell,78,210,False,0
nba-nazr-mohammed,Nazr Mohammed,82,250,True,16
nba-greg-monroe,Greg Monroe,83,265,True,5
nba-luis-montero,Luis Montero,79,185,True,0
nba-e-twaun-moore,E'Twaun Moore,76,191,True,4
nba-eric-moreland,Eric Moreland,82,238,True,1
nba-darius-morris,Darius Morris,76,195,False,2
nba-marcus-morris,Marcus Morris,81,235,True,4
nba-markieff-morris,Markieff Morris,82,245,True,4
nba-anthony-morrow,Anthony Morrow,77,210,True,7
nba-donatas-motiejunas,Donatas Motiejunas,84,222,False,3
nba-arnett-moultrie,Arnett Moultrie,82,245,True,1
nba-timofey-mozgov,Timofey Mozgov,85,275,True,5
nba-emmanuel-mudiay,Emmanuel Mudiay,77,200,True,0
nba-shabazz-muhammad,Shabazz Muhammad,78,223,True,2
nba-byron-mullens,Byron Mullens,84,275,True,4
nba-xavier-munford,Xavier Munford,75,180,True,0
nba-erik-murphy,Erik Murphy,82,230,True,0
nba-kevin-murphy,Kevin Murphy,78,185,False,0
nba-troy-murphy,Troy Murphy,83,245,False,0
nba-mike-muscala,Mike Muscala,83,240,True,2
nba-larry-nance-jr,Larry Nance Jr.,81,230,True,0
nba-shabazz-napier,Shabazz Napier,73,175,True,1
nba-steve-nash,Steve Nash,75,180,False,18
nba-hamady-n-diaye,Hamady Ndiaye,84,235,False,2
nba-gary-neal,Gary Neal,76,210,False,5
nba-nemanja-nedovic,Nemanja Nedovic,75,197,False,1
nba-jameer-nelson,Jameer Nelson,72,190,True,11
nba-raul-neto,Raul Neto,73,179,True,0
nba-andrew-nicholson,Andrew Nicholson,81,250,True,3
nba-joakim-noah,Joakim Noah,83,232,True,8
nba-nerlens-noel,Nerlens Noel,83,228,True,1
nba-lucas-nogueira,Lucas Nogueira,84,220,True,1
nba-steve-novak,Steve Novak,82,225,False,9
nba-dirk-nowitzki,Dirk Nowitzki,84,245,True,17
nba-james-nunnally,James Nunnally,79,205,False,0
nba-jusuf-nurkic,Jusuf Nurkic,84,280,True,1
nba-j-j-o-brien,J.J. O'Brien,79,220,False,0
nba-greg-oden,Greg Oden,84,285,False,0
nba-lamar-odom,Lamar Odom,82,230,True,13
nba-tim-ohlbrecht,Tim Ohlbrecht,83,255,False,1
nba-emeka-okafor,Emeka Okafor,82,255,True,9
nba-jahlil-okafor,Jahlil Okafor,83,275,True,0
nba-victor-oladipo,Victor Oladipo,76,210,True,2
nba-kelly-olynyk,Kelly Olynyk,84,238,True,2
nba-jermaine-o-neal,Jermaine O'Neal,83,255,True,17
nba-arinze-onuaku,Arinze Onuaku,81,275,False,1
nba-kyle-o-quinn,Kyle O'Quinn,82,250,True,3
nba-daniel-orton,Daniel Orton,82,275,False,2
nba-kelly-oubre,Kelly Oubre,79,205,True,0
nba-travis-outlaw,Travis Outlaw,81,207,True,10
nba-zaza-pachulia,Zaza Pachulia,83,275,True,12
nba-kostas-papanikolaou,Kostas Papanikolaou,80,225,False,0
nba-jannero-pargo,Jannero Pargo,73,185,True,9
nba-jeremy-pargo,Jeremy Pargo,74,219,False,1
nba-jabari-parker,Jabari Parker,80,250,True,1
nba-tony-parker,Tony Parker,74,185,True,14
nba-chandler-parsons,Chandler Parsons,82,230,True,4
nba-lamar-patterson,Lamar Patterson,77,225,True,0
nba-patrick-patterson,Patrick Patterson,81,235,True,5
nba-chris-paul,Chris Paul,72,175,True,10
nba-adreian-payne,Adreian Payne,82,237,True,1
nba-cameron-payne,Cameron Payne,75,185,True,0
nba-elfrid-payton,Elfrid Payton,76,185,True,1
nba-nikola-pekovic,Nikola Pekovic,83,307,True,5
nba-kendrick-perkins,Kendrick Perkins,82,270,True,12
nba-johan-petro,Johan Petro,84,247,True,7
nba-paul-pierce,Paul Pierce,79,235,True,17
nba-mickael-pietrus,Mickael Pietrus,78,215,True,9
nba-dexter-pittman,Dexter Pittman,83,285,False,3
nba-tibor-pleiss,Tibor Pleiss,87,256,True,0
nba-mason-plumlee,Mason Plumlee,83,235,True,2
nba-miles-plumlee,Miles Plumlee,83,249,True,3
nba-quincy-pondexter,Quincy Pondexter,79,220,True,5
nba-otto-porter,Otto Porter,80,198,True,2
nba-bobby-portis,Bobby Portis,83,230,True,0
nba-kristaps-porzingis,Kristaps Porzingis,87,240,True,0
nba-dwight-powell,Dwight Powell,83,240,True,1
nba-josh-powell,Josh Powell,81,240,False,6
nba-norman-powell,Norman Powell,76,215,True,0
nba-phil-pressey,Phil Pressey,71,175,False,1
nba-a-j-price,A.J. Price,74,185,False,4
nba-ronnie-price,Ronnie Price,74,190,True,10
nba-pablo-prigioni,Pablo Prigioni,75,185,True,3
nba-tayshaun-prince,Tayshaun Prince,81,212,True,13
nba-joel-przybilla,Joel Przybilla,85,245,True,12
nba-chris-quinn,Chris Quinn,74,175,True,5
nba-vladimir-radmanovic,Vladimir Radmanovic,82,235,True,11
nba-miroslav-raduljica,Miroslav Raduljica,84,250,False,0
nba-julius-randle,Julius Randle,81,250,True,1
nba-anthony-randolph,Anthony Randolph,83,225,True,5
nba-shavlik-randolph,Shavlik Randolph,82,236,False,7
nba-zach-randolph,Zach Randolph,81,260,True,14
nba-willie-reed,Willie Reed,82,220,True,0
nba-glen-rice-jr,Glen Rice Jr.,78,206,False,1
nba-jason-richardson,Jason Richardson,78,225,True,12
nba-josh-richardson,Josh Richardson,78,200,True,0
nba-quentin-richardson,Quentin Richardson,78,228,False,12
nba-luke-ridnour,Luke Ridnour,74,175,False,10
nba-austin-rivers,Austin Rivers,76,200,True,3
nba-andre-roberson,Andre Roberson,79,210,True,2
nba-brian-roberts,Brian Roberts,73,173,False,3
nba-nate-robinson,Nate Robinson,69,180,False,9
nba-thomas-robinson,Thomas Robinson,82,237,True,3
nba-rajon-rondo,Rajon Rondo,73,186,True,9
nba-derrick-rose,Derrick Rose,75,190,True,6
nba-terrence-ross,Terrence Ross,79,195,True,3
nba-brandon-roy,Brandon Roy,78,211,False,5
nba-terry-rozier,Terry Rozier,74,190,True,0
nba-ricky-rubio,Ricky Rubio,76,194,True,4
nba-damjan-rudez,Damjan Rudez,82,228,True,1
nba-brandon-rush,Brandon Rush,78,220,True,7
nba-d-angelo-russell,D'Angelo Russell,77,195,True,0
nba-robert-sacre,Robert Sacre,84,270,True,3
nba-john-salmons,John Salmons,78,207,False,11
nba-samardo-samuels,Samardo Samuels,81,260,False,2
nba-larry-sanders,Larry Sanders,83,235,False,4
nba-dennis-schroder,Dennis Schroder,73,172,True,2
nba-luis-scola,Luis Scola,81,240,True,8
nba-mike-scott,Mike Scott,80,237,True,3
nba-thabo-sefolosha,Thabo Sefolosha,79,220,True,9
nba-josh-selby,Josh Selby,74,183,False,1
nba-kevin-seraphin,Kevin Seraphin,82,278,True,5
nba-ramon-sessions,Ramon Sessions,75,190,True,8
nba-mustafa-shakur,Mustafa Shakur,75,190,False,0
nba-tornike-shengelia,Tornike Shengelia,81,240,False,1
nba-iman-shumpert,Iman Shumpert,77,220,True,4
nba-alexey-shved,Alexey Shved,78,182,True,1
nba-jonathon-simmons,Jonathon Simmons,78,195,True,0
nba-henry-sims,Henry Sims,82,248,True,2
nba-kyle-singler,Kyle Singler,80,228,False,3
nba-chris-singleton,Chris Singleton,81,228,True,2
nba-peyton-siva,Peyton Siva,72,185,True,0
nba-donald-sloan,Donald Sloan,75,205,True,4
nba-marcus-smart,Marcus Smart,76,220,True,1
nba-chris-smith,Chris Smith,74,200,False,0
nba-greg-smith,Greg Smith,82,250,True,3
nba-ish-smith,Ish Smith,72,175,False,5
nba-jason-smith,Jason Smith,84,240,True,7
nba-josh-smith,Josh Smith,81,225,False,11
nba-j-r-smith,J.R. Smith,78,225,True,11
nba-nolan-smith,Nolan Smith,74,185,True,1
nba-russ-smith,Russ Smith,72,165,False,0
nba-tony-snell,Tony Snell,79,200,True,2
nba-james-southerland,James Southerland,80,215,True,0
nba-marreese-speights,Marreese Speights,82,255,True,7
nba-tiago-splitter,Tiago Splitter,83,245,True,5
nba-jerry-stackhouse,Jerry Stackhouse,78,218,True,17
nba-nik-stauskas,Nik Stauskas,78,205,True,1
nba-lance-stephenson,Lance Stephenson,77,230,False,5
nba-alex-stepheson,Alex Stepheson,82,250,False,0
nba-greg-stiemsma,Greg Stiemsma,83,260,False,3
nba-david-stockton,David Stockton,71,165,False,0
nba-jarnell-stokes,Jarnell Stokes,81,255,False,1
nba-julyan-stone,Julyan Stone,78,200,False,2
nba-amar-e-stoudemire,Amar'e Stoudemire,82,245,True,13
nba-rodney-stuckey,Rodney Stuckey,77,205,True,8
nba-jared-sullinger,Jared Sullinger,81,260,True,3
nba-dajuan-summers,DaJuan Summers,80,240,False,3
nba-walter-tavares,Walter Tavares,87,260,True,0
nba-tyshawn-taylor,Tyshawn Taylor,75,185,False,1
nba-jeff-teague,Jeff Teague,74,186,True,6
nba-marquis-teague,Marquis Teague,74,190,True,1
nba-mirza-teletovic,Mirza Teletovic,81,242,True,3
nba-sebastian-telfair,Sebastian Telfair,72,170,True,8
nba-garrett-temple,Garrett Temple,78,195,True,5
nba-jason-terry,Jason Terry,74,185,True,16
nba-hasheem-thabeet,Hasheem Thabeet,87,263,True,4
nba-adonis-thomas,Adonis Thomas,79,240,False,1
nba-isaiah-thomas,Isaiah Thomas,69,185,True,4
nba-kurt-thomas,Kurt Thomas,81,240,False,17
nba-lance-thomas,Lance Thomas,80,235,True,4
nba-malcolm-thomas,Malcolm Thomas,81,225,False,2
nba-tyrus-thomas,Tyrus Thomas,82,225,False,6
nba-hollis-thompson,Hollis Thompson,80,206,True,2
nba-jason-thompson,Jason Thompson,83,250,True,7
nba-klay-thompson,Klay Thompson,79,215,True,4
nba-tristan-thompson,Tristan Thompson,81,238,True,4
nba-marcus-thornton,Marcus Thornton,76,205,True,6
nba-jamaal-tinsley,Jamaal Tinsley,75,197,False,10
nba-anthony-tolliver,Anthony Tolliver,80,240,True,7
nba-axel-toupane,Axel Toupane,79,210,False,0
nba-karl-anthony-towns,Karl-Anthony Towns,84,244,True,0
nba-ronny-turiaf,Ronny Turiaf,82,249,False,9
nba-hedo-turkoglu,Hedo Turkoglu,82,220,True,14
nba-evan-turner,Evan Turner,79,220,True,5
nba-myles-turner,Myles Turner,83,243,True,0
nba-jeremy-tyler,Jeremy Tyler,82,250,False,1
nba-ekpe-udoh,Ekpe Udoh,82,245,True,4
nba-beno-udrih,Beno Udrih,75,205,False,11
nba-jonas-valanciunas,Jonas Valanciunas,84,255,True,3
nba-anderson-varejao,Anderson Varejao,83,273,False,11
nba-jarvis-varnado,Jarvis Varnado,81,230,True,1
nba-greivis-vasquez,Greivis Vasquez,78,217,True,5
nba-rashad-vaughn,Rashad Vaughn,78,202,True,0
nba-jan-vesely,Jan Vesely,84,242,False,2
nba-charlie-villanueva,Charlie Villanueva,83,232,True,10
nba-noah-vonleh,Noah Vonleh,81,240,True,1
nba-nikola-vucevic,Nikola Vucevic,84,260,True,4
nba-sasha-vujacic,Sasha Vujacic,79,195,True,8
nba-dwyane-wade,Dwyane Wade,76,220,True,12
nba-dion-waiters,Dion Waiters,76,220,True,3
nba-bill-walker,Henry Walker,78,235,True,0
nba-kemba-walker,Kemba Walker,73,184,True,4
nba-john-wall,John Wall,76,195,True,5
nba-gerald-wallace,Gerald Wallace,79,220,True,12
nba-rasheed-wallace,Rasheed Wallace,83,230,True,15
nba-luke-walton,Luke Walton,80,235,True,9
nba-casper-ware,Casper Ware,70,175,True,0
nba-hakim-warrick,Hakim Warrick,81,219,False,7
nba-earl-watson,Earl Watson,73,199,True,11
nba-maalik-wayns,Maalik Wayns,73,195,False,0
nba-briante-weber,Briante Weber,74,165,True,3
nba-martell-webster,Martell Webster,79,230,False,9
nba-sonny-weems,Sonny Weems,78,205,False,3
nba-david-west,David West,81,250,True,12
nba-russell-westbrook,Russell Westbrook,75,200,True,7
nba-james-white,James White,79,215,True,2
nba-royce-white,Royce White,80,260,False,1
nba-hassan-whiteside,Hassan Whiteside,84,265,True,3
nba-shayne-whittington,Shayne Whittington,83,250,True,1
nba-andrew-wiggins,Andrew Wiggins,80,199,True,1
nba-chris-wilcox,Chris Wilcox,82,235,True,10
nba-damien-wilkins,Damien Wilkins,78,225,False,9
nba-alan-williams,Alan Williams,80,265,True,0
nba-deron-williams,Deron Williams,75,200,True,10
nba-derrick-williams,Derrick Williams,80,240,True,4
nba-elliot-williams,Elliot Williams,77,183,False,3
nba-marvin-williams,Marvin Williams,81,237,True,10
nba-mo-williams,Mo Williams,73,198,True,12
nba-reggie-williams,Reggie Williams,78,205,False,4
nba-shawne-williams,Shawne Williams,82,230,False,7
nba-terrence-williams,Terrence Williams,78,220,True,3
nba-justise-winslow,Justise Winslow,79,225,True,0
nba-jeff-withey,Jeff Withey,84,231,True,2
nba-nate-wolters,Nate Wolters,76,190,False,1
nba-christian-wood,Christian Wood,83,220,True,0
nba-metta-world-peace,Metta World Peace,79,260,True,15
nba-brandan-wright,Brandan Wright,82,210,True,7
nba-chris-wright,Chris Wright,81,226,False,2
chris-wright,Chris Wright,73,210,False,0
nba-delon-wright,Delon Wright,77,190,True,0
nba-dorell-wright,Dorell Wright,81,205,True,10
nba-tony-wroten,Tony Wroten,78,205,False,2
nba-james-young,James Young,78,215,True,1
nba-nick-young,Nick Young,79,210,True,8
nba-sam-young,Sam Young,78,225,False,3
nba-thaddeus-young,Thaddeus Young,80,221,True,8
nba-cody-zeller,Cody Zeller,84,240,True,2
nba-luke-zeller,Luke Zeller,83,245,False,0
nba-tyler-zeller,Tyler Zeller,84,253,True,3
